<?xml version="1.0"?>
<xml>
    <grec_dades_2022>
        <Any>2022</Any>
        <Indicador>Espectacles</Indicador>
        <Genere>Cinema</Genere>
        <Valor>1</Valor>
        <Nota/>
    </grec_dades_2022>
    <grec_dades_2022>
        <Any>2022</Any>
        <Indicador>Espectacles</Indicador>
        <Genere>Circ</Genere>
        <Valor>4</Valor>
        <Nota/>
    </grec_dades_2022>
    <grec_dades_2022>
        <Any>2022</Any>
        <Indicador>Espectacles</Indicador>
        <Genere>Dansa</Genere>
        <Valor>12</Valor>
        <Nota/>
    </grec_dades_2022>
    <grec_dades_2022>
        <Any>2022</Any>
        <Indicador>Espectacles</Indicador>
        <Genere>Escena híbrida</Genere>
        <Valor>18</Valor>
        <Nota/>
    </grec_dades_2022>
    <grec_dades_2022>
        <Any>2022</Any>
        <Indicador>Espectacles</Indicador>
        <Genere>Música</Genere>
        <Valor>18</Valor>
        <Nota/>
    </grec_dades_2022>
    <grec_dades_2022>
        <Any>2022</Any>
        <Indicador>Espectacles</Indicador>
        <Genere>Teatre</Genere>
        <Valor>35</Valor>
        <Nota/>
    </grec_dades_2022>
    <grec_dades_2022>
        <Any>2022</Any>
        <Indicador>Espectadors</Indicador>
        <Genere>Cinema</Genere>
        <Valor>9800</Valor>
        <Nota/>
    </grec_dades_2022>
    <grec_dades_2022>
        <Any>2022</Any>
        <Indicador>Espectadors</Indicador>
        <Genere>Circ</Genere>
        <Valor>7499</Valor>
        <Nota/>
    </grec_dades_2022>
    <grec_dades_2022>
        <Any>2022</Any>
        <Indicador>Espectadors</Indicador>
        <Genere>Dansa</Genere>
        <Valor>12739</Valor>
        <Nota/>
    </grec_dades_2022>
    <grec_dades_2022>
        <Any>2022</Any>
        <Indicador>Espectadors</Indicador>
        <Genere>Escena híbrida</Genere>
        <Valor>12019</Valor>
        <Nota/>
    </grec_dades_2022>
    <grec_dades_2022>
        <Any>2022</Any>
        <Indicador>Espectadors</Indicador>
        <Genere>Música</Genere>
        <Valor>17530</Valor>
        <Nota/>
    </grec_dades_2022>
    <grec_dades_2022>
        <Any>2022</Any>
        <Indicador>Espectadors</Indicador>
        <Genere>Teatre</Genere>
        <Valor>50404</Valor>
        <Nota/>
    </grec_dades_2022>
    <grec_dades_2022>
        <Any>2022</Any>
        <Indicador>Aforament</Indicador>
        <Genere>Cinema</Genere>
        <Valor>9800</Valor>
        <Nota/>
    </grec_dades_2022>
    <grec_dades_2022>
        <Any>2022</Any>
        <Indicador>Aforament</Indicador>
        <Genere>Circ</Genere>
        <Valor>17222</Valor>
        <Nota/>
    </grec_dades_2022>
    <grec_dades_2022>
        <Any>2022</Any>
        <Indicador>Aforament</Indicador>
        <Genere>Dansa</Genere>
        <Valor>15705</Valor>
        <Nota/>
    </grec_dades_2022>
    <grec_dades_2022>
        <Any>2022</Any>
        <Indicador>Aforament</Indicador>
        <Genere>Escena híbrida</Genere>
        <Valor>16706</Valor>
        <Nota/>
    </grec_dades_2022>
    <grec_dades_2022>
        <Any>2022</Any>
        <Indicador>Aforament</Indicador>
        <Genere>Música</Genere>
        <Valor>23643</Valor>
        <Nota/>
    </grec_dades_2022>
    <grec_dades_2022>
        <Any>2022</Any>
        <Indicador>Ocupacio</Indicador>
        <Genere>Cinema</Genere>
        <Valor>100%</Valor>
        <Nota/>
    </grec_dades_2022>
    <grec_dades_2022>
        <Any>2022</Any>
        <Indicador>Ocupacio</Indicador>
        <Genere>Circ</Genere>
        <Valor>44%</Valor>
        <Nota/>
    </grec_dades_2022>
    <grec_dades_2022>
        <Any>2022</Any>
        <Indicador>Ocupacio</Indicador>
        <Genere>Dansa</Genere>
        <Valor>81%</Valor>
        <Nota/>
    </grec_dades_2022>
    <grec_dades_2022>
        <Any>2022</Any>
        <Indicador>Ocupacio</Indicador>
        <Genere>Escena híbrida</Genere>
        <Valor>72%</Valor>
        <Nota/>
    </grec_dades_2022>
    <grec_dades_2022>
        <Any>2022</Any>
        <Indicador>Ocupacio</Indicador>
        <Genere>Música</Genere>
        <Valor>74%</Valor>
        <Nota/>
    </grec_dades_2022>
</xml>
